{"schemaVersion":"1.0","appDefinitionTemplate":{"id":"/providers/Microsoft.PowerApps/apps/","type":"Microsoft.PowerApps/apps","tags":{"primaryDeviceWidth":"640","primaryDeviceHeight":"1136","supportsPortrait":"true","supportsLandscape":"true","primaryFormFactor":"Phone","publisherVersion":"3.22063.13","minimumRequiredApiVersion":"2.2.0","hasComponent":"false","hasUnlockedComponent":"false","isUnifiedRootApp":"false","sienaVersion":"20220705T081103Z-3.22063.13.0"},"properties":{"appVersion":"2022-07-05T08:11:03Z","lifeCycleId":"Published","createdByClientVersion":{"major":3,"minor":22063,"build":13,"revision":0,"majorRevision":0,"minorRevision":0},"minClientVersion":{"major":3,"minor":22063,"build":13,"revision":0,"majorRevision":0,"minorRevision":0},"backgroundColor":"RGBA(0,176,240,1)","backgroundImageUri":"/8640654983061318768/N6a1c40d4-368c-4358-a3cb-06af19ac6ef5-logoSmallFile","displayName":"SAISIE DE TEMPS","description":"Applicatin de gestion de saisie de temps DAI OIF","commitMessage":"","appUris":{"documentUri":{"value":"/8640654983061318768/N130b9bc7-f059-4d23-ae6e-403d1cb54867-document.msapp"},"imageUris":[],"additionalUris":[]},"createdTime":"0001-01-01T00:00:00Z","lastModifiedTime":"0001-01-01T00:00:00Z","sharedGroupsCount":0,"sharedUsersCount":0,"icons":{"smallIconUri":"/8640654983061318768/N51387248-62cc-454e-b318-6e6993ed3776-small.png","mediumIconUri":"/8640654983061318768/Nbd67344a-e043-42e8-a869-7a8664a06dd9-medium.png","largeIconUri":"/8640654983061318768/N3cd2f192-8794-451b-a013-edbe7d4ed083-large.png","wideIconUri":"/8640654983061318768/N95f465a2-fbf6-4e7b-be47-9c2cfd1aef18-wide.png"},"connectionReferences":{"787abf6a-2c66-4db1-907d-127660320535":{"id":"ad218314-9e04-47a5-92be-c7da68363fd4","displayName":"Excel","iconUri":"https://connectoricons-prod.azureedge.net/releases/v1.0.1570/1.0.1570.2764/excel/icon.png","dataSources":["Tableau1","Tableau2","Tableau3","Tableau4","Tableau1_1","Tableau1_2","Tableau1_3","Tableau1_4","Tableau1_5","Tableau1_6","Tableau1_7"],"dependencies":["03dc35da-bfda-492d-99fd-9f412dd34937"],"dependents":[],"parameterHints":{"03dc35da-bfda-492d-99fd-9f412dd34937":{"value":"fileSource"}},"parameterHintsV2":{"fileSource":{"value":"03dc35da-bfda-492d-99fd-9f412dd34937"}},"isOnPremiseConnection":false,"bypassConsent":false,"dataSets":{"b!rSqBP5gZ9kyayBUhgT5Kgx7xW2bwM9xHipihwYzf83yt0IrIKmQTTIcYYhVjKK8n.014YLHOCMCH6VS4DK5FNALCPCI2FWFNTDK":{"dataSources":{"Tableau1":{"tableName":"Tableau1"},"Tableau1_1":{"tableName":"Tableau1"}}},"b!rSqBP5gZ9kyayBUhgT5Kgx7xW2bwM9xHipihwYzf83yt0IrIKmQTTIcYYhVjKK8n.014YLHOCN3SATVAY4P2NCKR5IE5CLAWSIQ":{"dataSources":{"Tableau2":{"tableName":"Tableau2"},"Tableau3":{"tableName":"Tableau3"},"Tableau4":{"tableName":"Tableau4"}}},"b!rSqBP5gZ9kyayBUhgT5Kgx7xW2bwM9xHipihwYzf83yt0IrIKmQTTIcYYhVjKK8n.014YLHOCONJGQO22FAIBEZEISJI3YAZP56":{"dataSources":{"Tableau1_2":{"tableName":"Tableau1"},"Tableau1_3":{"tableName":"Tableau1"},"Tableau1_5":{"tableName":"Tableau1"},"Tableau1_6":{"tableName":"Tableau1"},"Tableau1_7":{"tableName":"Tableau1"}}},"b!rSqBP5gZ9kyayBUhgT5Kgx7xW2bwM9xHipihwYzf83yt0IrIKmQTTIcYYhVjKK8n.014YLHOCNDETFQWW7TLVFL34A3GW2LNOYK":{"dataSources":{"Tableau1_4":{"tableName":"Tableau1"}}}},"apiTier":"Standard","isCustomApiConnection":false,"actions":["providers/PowerPlatform.Governance/Operations/Read","providers/PowerPlatform.Governance/Operations/Write"]},"03dc35da-bfda-492d-99fd-9f412dd34937":{"id":"98506cea-9f1c-4218-976a-197531f71982","displayName":"OneDrive Entreprise","iconUri":"https://connectoricons-prod.azureedge.net/releases/v1.0.1546/1.0.1546.2665/onedriveforbusiness/icon.png","dataSources":[],"dependencies":[],"dependents":["787abf6a-2c66-4db1-907d-127660320535"],"parameterHints":{},"parameterHintsV2":{},"isOnPremiseConnection":false,"bypassConsent":false,"dataSets":{},"apiTier":"Standard","isCustomApiConnection":false}},"databaseReferences":{},"almMode":"Environment","performanceOptimizationEnabled":true,"canConsumeAppPass":true,"executionRestrictions":{"isTeamsOnly":false,"dataLossPreventionEvaluationResult":{"status":"Compliant","lastEvaluationDate":"2022-06-15T14:51:33.7143973Z","violations":[],"violationsByPolicy":[],"violationErrorMessage":"L’application utilise les connecteurs suivants : shared_excel, shared_onedriveforbusiness."}}},"appType":"ClassicCanvasApp","appComponents":[]}}